e52,xh52_src,action,notes
# G1 (20) - Indic consonants from Noto
k,notoindik,replace,Indic consonant
K,notoindik,replace,
z,notoindik,replace,
Z,notoindik,replace,
t,notoindik,replace,
T,keep,keep,Sunny Spells design pending
d,notoindik,replace,
D,notoindik,replace,
n,notoindik,replace,
p,notoindik,replace,
f,notoindik,replace,
b,notoindik,replace,
B,notoindik,replace,
m,notoindik,replace,
y,notoindik,replace,
r,notoindik,replace,
l,notoindik,replace,
w,notoindik,replace,
s,notoindik,replace,
S,notoindik,replace,
# G2 (10) - xi52 from xe52 (Latin dual glyphs)
x,xe52,replace,Latin dual glyph
j,xe52,replace,Latin dual glyph
J,xe52,replace,Latin dual glyph
q,xe52,replace,Latin dual glyph
Q,xe52,replace,Latin dual glyph
v,xe52,replace,Latin dual glyph
c,xe52,replace,Latin dual glyph
C,xe52,replace,Latin dual glyph
g,xe52,replace,Latin dual glyph
G,xe52,replace,Latin dual glyph
# G3 (14) - from xe52 (Latin shapes)
N,xe52,replace,Latin shape
R,xe52,replace,Latin shape
a,xe52,replace,
i,xe52,replace,
u,xe52,replace,
e,xe52,replace,
o,xe52,replace,
h,xe52,replace,
L,xe52,replace,
Y,xe52,replace,
V,xe52,replace,
W,xe52,replace,
P,xe52,replace,
F,xe52,replace,
# G4 (6) - from Noto Math
E,xe52,replace,
I,xe52,replace,
O,xe52,replace,
U,xe52,replace,
M,xe52,replace,
X,xe52,replace,
# G5 (2) - xi52: A,H from xe52
A,xe52,replace,
H,xe52,replace,
