e52,xh38_src,action,notes
# G5 (2) - xi38: A,H from notoindik
A,ownsfdsrc,replace,
H,ownsfdsrc,replace,
# A,notoindik,replace,
# H,notoindik,replace,
# G2 (10) - xi38 from xh38 (Hindi designs)
x,ownsfdsrc,replace,Hindi schwa design
j,ownsfdsrc,replace,
J,ownsfdsrc,replace,
q,ownsfdsrc,replace,
Q,ownsfdsrc,replace,
v,ownsfdsrc,replace,Hindi ha design
c,ownsfdsrc,replace,
C,ownsfdsrc,replace,
g,ownsfdsrc,replace,
G,ownsfdsrc,replace,
# G3 (14) - from xe52 (Latin shapes)
N,xe52,replace,Latin shape
R,xe52,replace,Latin shape
a,xe52,replace,
i,xe52,replace,
u,xe52,replace,
e,xe52,replace,
o,xe52,replace,
h,xe52,replace,
L,xe52,replace,
Y,xe52,replace,
V,xe52,replace,
W,xe52,replace,
P,xe52,replace,
F,xe52,replace,
# G1 (20) - Indic consonants from Noto
T,keep,keep,Sunny Spells design pending
D,notoindik,replace,
d,notoindik,replace,
k,notoindik,replace,Indic consonant
K,notoindik,replace,
z,notoindik,replace,
Z,notoindik,replace,
t,notoindik,replace,
n,notoindik,replace,
p,notoindik,replace,
f,notoindik,replace,
b,notoindik,replace,
B,notoindik,replace,
m,notoindik,replace,
y,notoindik,replace,
r,notoindik,replace,
l,notoindik,replace,
w,notoindik,replace,
s,notoindik,replace,
S,notoindik,replace,
# G4 (6) - from Noto Math
E,xh38,replace,
I,xh38,replace,
O,xh38,replace,
U,xh38,replace,
M,xh38,replace,
X,xh38,replace,
